_id,authorMeta.avatar,authorMeta.digg,authorMeta.fans,authorMeta.following,authorMeta.heart,authorMeta.id,authorMeta.name,authorMeta.nickName,authorMeta.secUid,authorMeta.signature,authorMeta.verified,authorMeta.video,commentCount,covers.default,covers.dynamic,covers.origin,createTime,diggCount,downloaded,effectStickers,hashtags,id,mentions,musicMeta.coverLarge,musicMeta.coverMedium,musicMeta.coverThumb,musicMeta.duration,musicMeta.musicAlbum,musicMeta.musicAuthor,musicMeta.musicId,musicMeta.musicName,musicMeta.musicOriginal,musicMeta.playUrl,playCount,secretID,shareCount,text,videoApiUrlNoWaterMark,videoMeta.duration,videoMeta.height,videoMeta.width,videoUrl,videoUrlNoWaterMark,webVideoUrl
62095b98cf961f9b3c444fbb,,,,,,,,,,,,,1153,,,,1637244328,297600,true,[],"[{""id"":""1605285815606277"",""name"":""qatar2022"",""title"":"""",""cover"":""""}]",7031910840064396550,[],,,,,,,,,,,12200000,7031910840064396550,1509,¬°A casi 1 a√±o para #Qatar2022! S√∫mate al desaf√≠o 365: 3 jueguitos con la cabeza + 6 con la rodilla + 5 con los pies ‚öΩ ¬øPuedes? ¬°Sigue el ritmo!,NaN,,,,https://v16-webapp.tiktok.com/0cf11e0bc7772c8a27a06644414d5f74/6209aec0/video/tos/useast2a/tos-useast2a-ve-0068c002/6debd3d31fe546ca86522d88fc0bf7ab/?a=1988&br=3142&bt=1571&cd=0%7C0%7C1%7C0&ch=0&cr=0&cs=0&cv=1&dr=0&ds=3&er=&ft=XOQ9-30-nz7Thgmk6DXq&l=20220213192155010223120199236354BF&lr=tiktok_m&mime_type=video_mp4&net=0&pl=0&qs=0&rc=amVuZ2g6Zjg4OTMzNzczM0ApaDk5OWc2OWQ6Nzk2ZGg4NGdsMmExcjRnb19gLS1kMTZzc2A2Yl8wYzUtLV8vLV9iM2E6Yw%3D%3D&vl=&vr=,NaN,https://www.tiktok.com/@roadto2022es/video/7031910840064396550
62095b98cf961f9b3c444fbc,,,,,,,,,,,,,1761,,,,1641255024,297400,true,[],"[{""id"":""120171"",""name"":""qatar"",""title"":"""",""cover"":""""},{""id"":""1605285815606277"",""name"":""qatar2022"",""title"":"""",""cover"":""""},{""id"":""481304"",""name"":""mundial"",""title"":"""",""cover"":""""}]",7049136647648054533,"[""@Dohabibis""]",,,,,,,,,,,39700000,7049136647648054533,1243,5 outfits para estar en Qatar üëöüëïüòâ üì≤ @Dohabibis #qatar #qatar2022 #mundial,NaN,,,,https://v16-webapp.tiktok.com/469b29e6a7462f7740b03f9a9c123cd1/6209aed5/video/tos/useast2a/tos-useast2a-pve-0068/1f74566f5e58443db19dd989ba02ca4b/?a=1988&br=3054&bt=1527&cd=0%7C0%7C1%7C0&ch=0&cr=0&cs=0&cv=1&dr=0&ds=3&er=&ft=XOQ9-30-nz7Thgmk6DXq&l=20220213192155010223120199236354BF&lr=tiktok_m&mime_type=video_mp4&net=0&pl=0&qs=0&rc=M3JscTo6ZjhyOjMzNzgzM0ApZTc3ZTc0OmU1NzZoaTw5N2dkcl9tcjRnbzZgLS1kLzZzc2AyYmAvMDUyXy9jYjUwXi46Yw%3D%3D&vl=&vr=,NaN,https://www.tiktok.com/@roadto2022es/video/7049136647648054533
62095b98cf961f9b3c444fbd,,,,,,,,,,,,,161,,,,1643041718,20100,true,[],"[{""id"":""1605285815606277"",""name"":""qatar2022"",""title"":"""",""cover"":""""},{""id"":""65243"",""name"":""parati"",""title"":"""",""cover"":""""},{""id"":""229207"",""name"":""fyp"",""title"":"""",""cover"":""""},{""id"":""26570"",""name"":""f√∫tbol"",""title"":"""",""cover"":""""},{""id"":""1638168940438533"",""name"":""argentinacheck"",""title"":"""",""cover"":""""},{""id"":""1673945106689029"",""name"":""historiadeldeporte"",""title"":"""",""cover"":""""},{""id"":""14552674"",""name"":""curiosidades"",""title"":"""",""cover"":""""}]",7056810441825078533,[],,,,,,,,,,,356300,7056810441825078533,200,Caracter√≠sticas de #Qatar2022 #parati #fyp #f√∫tbol #argentinacheck #historiadeldeporte #curiosidades,NaN,,,,https://v16-webapp.tiktok.com/d8765ec38b43a7b4afe549765ecf28a5/6209aef4/video/tos/useast2a/tos-useast2a-pve-0068/96e1885ba4b04bfb905720e444535d8d/?a=1988&br=1668&bt=834&cd=0%7C0%7C1%7C0&ch=0&cr=0&cs=0&cv=1&dr=0&ds=3&er=&ft=XOQ9-30-nz7Thgmk6DXq&l=20220213192155010223120199236354BF&lr=tiktok_m&mime_type=video_mp4&net=0&pl=0&qs=0&rc=amo3PDY6ZjpnOjMzNzczM0ApaDs0OjU7M2Q2N2dmZ2c3O2dmXnJvcjRfNGtgLS1kMTZzc2EvXy4yNmNeMGA2NC0vMjQ6Yw%3D%3D&vl=&vr=,NaN,https://www.tiktok.com/@soyculturadeportiva/video/7056810441825078533
62095b98cf961f9b3c444fbe,,,,,,,,,,,,,239,,,,1642630883,14000,true,[],"[{""id"":""1605285815606277"",""name"":""qatar2022"",""title"":"""",""cover"":""""},{""id"":""481304"",""name"":""mundial"",""title"":"""",""cover"":""""},{""id"":""40817"",""name"":""argentina"",""title"":"""",""cover"":""""},{""id"":""1701451236188182"",""name"":""scaloneta"",""title"":"""",""cover"":""""},{""id"":""8302947"",""name"":""salta"",""title"":"""",""cover"":""""}]",7055045916344028421,[],,,,,,,,,,,167000,7055045916344028421,545,Un tiro dol√≠a menos üò•. #qatar2022 #mundial #argentina #scaloneta #salta,NaN,,,,https://v16-webapp.tiktok.com/15ec2a8d0c3ed54cbc96dd74fdd04e0e/6209aef1/video/tos/useast2a/tos-useast2a-pve-0068/2f57c6934d9449aaa2bd6dcae7fac812/?a=1988&br=986&bt=493&cd=0%7C0%7C1%7C0&ch=0&cr=0&cs=0&cv=1&dr=0&ds=3&er=&ft=XOQ9-30-nz7Thgmk6DXq&l=20220213192155010223120199236354BF&lr=tiktok_m&mime_type=video_mp4&net=0&pl=0&qs=0&rc=M3AzOWc6Zm47OjMzNzczM0ApOmQ6aGZkNDxnNzM0NjpmOGdeMGsycjRncWhgLS1kMTZzczVfNjYzNmMxYi0uMDIuMTU6Yw%3D%3D&vl=&vr=,NaN,https://www.tiktok.com/@paradasalta/video/7055045916344028421
62095b98cf961f9b3c444fbf,,,,,,,,,,,,,73,,,,1641496852,5949,true,[],"[{""id"":""7717"",""name"":""messi"",""title"":"""",""cover"":""""},{""id"":""1605285815606277"",""name"":""qatar2022"",""title"":"""",""cover"":""""},{""id"":""80400848"",""name"":""copadelmundo"",""title"":"""",""cover"":""""},{""id"":""7716"",""name"":""fifa"",""title"":"""",""cover"":""""},{""id"":""108956"",""name"":""fifaworldcup"",""title"":"""",""cover"":""""},{""id"":""481304"",""name"":""mundial"",""title"":"""",""cover"":""""},{""id"":""40817"",""name"":""argentina"",""title"":"""",""cover"":""""},{""id"":""65243"",""name"":""parati"",""title"":"""",""cover"":""""},{""id"":""8878169"",""name"":""tutuca"",""title"":"""",""cover"":""""},{""id"":""229207"",""name"":""fyp"",""title"":"""",""cover"":""""},{""id"":""20884"",""name"":""viral"",""title"":"""",""cover"":""""},{""id"":""82877330"",""name"":""futbol"",""title"":""Porque  el amor por el #Futbol nos mueve, comparte los mejores momentos, las mejores jugadas, los mejores videos del mundo del #Futbol ‚öΩÔ∏èüèÜ"",""cover"":""https://p77-sg.tiktokcdn.com/obj/tiktok-obj/2b632b06def812af7a7a3920e91e6516""}]",7050175294795222278,[],,,,,,,,,,,105800,7050175294795222278,81,El verdadero objetivo #messi #qatar2022 #copadelmundo #fifa #fifaworldcup #mundial #argentina #parati #tutuca #fyp #viral #futbol,NaN,,,,https://v16-webapp.tiktok.com/24db53c96788f2e1aaec45873e1a657d/6209aebf/video/tos/useast2a/tos-useast2a-ve-0068c003/c00b756e50da45cea906024d7dc0d278/?a=1988&br=578&bt=289&cd=0%7C0%7C1%7C0&ch=0&cr=0&cs=0&cv=1&dr=0&ds=3&er=&ft=XOQ9-30-nz7Thgmk6DXq&l=20220213192155010223120199236354BF&lr=tiktok_m&mime_type=video_mp4&net=0&pl=0&qs=0&rc=MzVueTc6ZjxuOjMzNzczM0ApZDU4aDczOGRkN2kzaGg6O2cwZnIxcjRnLl9gLS1kMTZzczJhXjRgMTY0NTRgMDJhXzM6Yw%3D%3D&vl=&vr=,NaN,https://www.tiktok.com/@cotyrommero/video/7050175294795222278
62095b98cf961f9b3c444fc0,,,,,,,,,,,,,96,,,,1641822658,8380,true,"[{""id"":""137342"",""name"":""Cara cuadrada""}]","[{""id"":""82877330"",""name"":""futbol"",""title"":""Porque  el amor por el #Futbol nos mueve, comparte los mejores momentos, las mejores jugadas, los mejores videos del mundo del #Futbol ‚öΩÔ∏èüèÜ"",""cover"":""https://p77-sg.tiktokcdn.com/obj/tiktok-obj/2b632b06def812af7a7a3920e91e6516""},{""id"":""31306"",""name"":""ecuador"",""title"":"""",""cover"":""""},{""id"":""19336"",""name"":""humor"",""title"":""¬°Es hora de re√≠rte como nunca! Los videos m√°s divertidos est√°n aqu√≠ en TikTok. üòÇüòÇüòÇ"",""cover"":""""},{""id"":""65243"",""name"":""parati"",""title"":"""",""cover"":""""},{""id"":""1605285815606277"",""name"":""qatar2022"",""title"":"""",""cover"":""""}]",7051574613603585286,"[""@latri""]",,,,,,,,,,,123200,7051574613603585286,527,Ah√≠ les voy @latri üò≥ #futbol #ecuador #humor #parati #qatar2022,NaN,,,,https://v16-webapp.tiktok.com/ac86b765c68ae9bbcc2437657a09592b/6209aec3/video/tos/useast2a/tos-useast2a-ve-0068c003/c4cacb5f0b094ce5b9e1dc668c1f7158/?a=1988&br=1756&bt=878&cd=0%7C0%7C1%7C0&ch=0&cr=0&cs=0&cv=1&dr=0&ds=3&er=&ft=XOQ9-30-nz7Thgmk6DXq&l=20220213192155010223120199236354BF&lr=tiktok_m&mime_type=video_mp4&net=0&pl=0&qs=0&rc=M2R4bDs6Zmk2OjMzNzczM0ApNzQ5MzczNGU3NzM3aGZoOmdwb3MtcjQwZ2JgLS1kMTZzc2M2LjBfYmAtYF81YDZjYzU6Yw%3D%3D&vl=&vr=,NaN,https://www.tiktok.com/@rojassss___/video/7051574613603585286
62095b98cf961f9b3c444fc1,,,,,,,,,,,,,1563,,,,1641839173,76600,true,"[{""id"":""322369"",""name"":""Pantalla Verde""}]","[{""id"":""82877330"",""name"":""futbol"",""title"":""Porque  el amor por el #Futbol nos mueve, comparte los mejores momentos, las mejores jugadas, los mejores videos del mundo del #Futbol ‚öΩÔ∏èüèÜ"",""cover"":""https://p77-sg.tiktokcdn.com/obj/tiktok-obj/2b632b06def812af7a7a3920e91e6516""},{""id"":""481304"",""name"":""mundial"",""title"":"""",""cover"":""""},{""id"":""7716"",""name"":""fifa"",""title"":"""",""cover"":""""},{""id"":""108956"",""name"":""fifaworldcup"",""title"":"""",""cover"":""""},{""id"":""103049"",""name"":""worldcup"",""title"":"""",""cover"":""""},{""id"":""1605285815606277"",""name"":""qatar2022"",""title"":"""",""cover"":""""},{""id"":""1693844068122629"",""name"":""tiktokfootballacademy"",""title"":""Todas las noticias sobre el mundo del f√∫tbol, la √∫ltima hora de cada equipo, resultados de partidos e intercambios de opiniones, ¬°est√°n aqu√≠! Comparte y disfruta del mejor contenido de f√∫tbol en TikTok con el hashtag #TikTokFootballAcademy ‚öΩÔ∏è"",""cover"":""""},{""id"":""1630030070171653"",""name"":""tiktokdeportes"",""title"":""Comparte tu pasi√≥n por los deportes en TikTok, ya sea los mejores trucos de futbol, tus rutinas fitness o mejores movimientos de artes marciales, ¬°no importa cu√°l sea tu deporte favorito!"",""cover"":""https://p77-va.tiktokcdn.com/obj/musically-maliva-obj/b449715c51f0c2b6d81213831b3538e0""}]",7051645548624989445,[],,,,,,,,,,,903400,7051645548624989445,111,¬øA qu√© selecci√≥n le ir√≠a mejor? üèÜ‚öΩ #futbol #mundial #fifa #fifaworldcup #worldcup #qatar2022 #tiktokfootballacademy #tiktokdeportes,NaN,,,,https://v16-webapp.tiktok.com/b3bdba0f43d94c612fc7db2b507f05c8/6209aeef/video/tos/useast2a/tos-useast2a-ve-0068c002/54bde03e06c0436ca855e516be472712/?a=1988&br=922&bt=461&cd=0%7C0%7C1%7C0&ch=0&cr=0&cs=0&cv=1&dr=0&ds=3&er=&ft=XOQ9-30-nz7Thgmk6DXq&l=20220213192155010223120199236354BF&lr=tiktok_m&mime_type=video_mp4&net=0&pl=0&qs=0&rc=M2x0O2c6Zmc6OjMzNzczM0ApNjgzOzg2PGRpNzNpOzg7N2drLzEwcjRfaGJgLS1kMTZzczMxYjUxLzU0XmBjYi9hLjI6Yw%3D%3D&vl=&vr=,NaN,https://www.tiktok.com/@soymarkos/video/7051645548624989445
62095b98cf961f9b3c444fc2,,,,,,,,,,,,,700,,,,1643074778,29600,true,[],"[{""id"":""82877330"",""name"":""futbol"",""title"":""Porque  el amor por el #Futbol nos mueve, comparte los mejores momentos, las mejores jugadas, los mejores videos del mundo del #Futbol ‚öΩÔ∏èüèÜ"",""cover"":""https://p77-sg.tiktokcdn.com/obj/tiktok-obj/2b632b06def812af7a7a3920e91e6516""},{""id"":""1618710942398470"",""name"":""futbolmasculino"",""title"":"""",""cover"":""""},{""id"":""20050"",""name"":""colombia"",""title"":"""",""cover"":""""},{""id"":""1609648656408582"",""name"":""mundial2022"",""title"":"""",""cover"":""""},{""id"":""1605285815606277"",""name"":""qatar2022"",""title"":"""",""cover"":""""},{""id"":""1084185"",""name"":""seleccioncolombia"",""title"":"""",""cover"":""""},{""id"":""19483"",""name"":""jamesrodriguez"",""title"":"""",""cover"":""""},{""id"":""27397"",""name"":""brasil"",""title"":""Cad√™ os brazucas do musical.ly?"",""cover"":""""},{""id"":""7717"",""name"":""messi"",""title"":"""",""cover"":""""},{""id"":""22197"",""name"":""cr7"",""title"":"""",""cover"":""""},{""id"":""157202"",""name"":""neymarjr"",""title"":"""",""cover"":""""}]",7056952430050675974,[],,,,,,,,,,,233800,7056952430050675974,1156,SI IREMOS. Am√©n! #futbol #futbolmasculino #colombia #mundial2022 #qatar2022 #seleccioncolombia #jamesrodriguez #brasil #messi #cr7 #neymarjr,NaN,,,,https://v16-webapp.tiktok.com/ecb6578cfae6da52e0901b42881cdc69/6209aebe/video/tos/useast2a/tos-useast2a-ve-0068c004/91988e3ece6d485babda2e7cbc13a909/?a=1988&br=1622&bt=811&cd=0%7C0%7C1%7C0&ch=0&cr=0&cs=0&cv=1&dr=0&ds=3&er=&ft=XOQ9-30-nz7Thgmk6DXq&l=20220213192155010223120199236354BF&lr=tiktok_m&mime_type=video_mp4&net=0&pl=0&qs=0&rc=amVteTc6Zm5vOjMzNzczM0ApaGU2N2k7ZDs3N2g1NjtpZGc1ZW9pcjRvNmtgLS1kMTZzc19eNWAvYy8xXzNfMDE1NDY6Yw%3D%3D&vl=&vr=,NaN,https://www.tiktok.com/@nicolefut/video/7056952430050675974
62095b98cf961f9b3c444fc3,,,,,,,,,,,,,369,,,,1642986646,8940,true,"[{""id"":""322369"",""name"":""Pantalla Verde""}]","[{""id"":""36046822"",""name"":""resultados"",""title"":"""",""cover"":""""},{""id"":""70262889"",""name"":""clasificatoria"",""title"":"""",""cover"":""""},{""id"":""1605285815606277"",""name"":""qatar2022"",""title"":"""",""cover"":""""},{""id"":""1614128458336262"",""name"":""seleccionchilena"",""title"":"""",""cover"":""""},{""id"":""43776"",""name"":""chile"",""title"":"""",""cover"":""""},{""id"":""1633984572200966"",""name"":""deportesentiktok"",""title"":""Ya seas un aficionadx a los deportes o todx un deportista de √©lite, este es tu hashtag. Bienvenidx a #DeportesEnTikTok, el hashtag oficial de TikTok para todas las disciplinas deportivas üö¥üèª‚Äç‚ôÄÔ∏èü§∫‚öΩÔ∏èüèÄ‚õ∑üéæüèäüèΩ‚Äç‚ôÄÔ∏èüèåüèª‚Äç‚ôÇÔ∏èüèÇüèãüèª‚Äç‚ôÇÔ∏èüèÑüèª‚Äç‚ôÄÔ∏è"",""cover"":""https://p77-va.tiktokcdn.com/obj/musically-maliva-obj/b86eeba9f868f71ae445005b813c4f69""},{""id"":""1630030070171653"",""name"":""tiktokdeportes"",""title"":""Comparte tu pasi√≥n por los deportes en TikTok, ya sea los mejores trucos de futbol, tus rutinas fitness o mejores movimientos de artes marciales, ¬°no importa cu√°l sea tu deporte favorito!"",""cover"":""https://p77-va.tiktokcdn.com/obj/musically-maliva-obj/b449715c51f0c2b6d81213831b3538e0""}]",7056573904948677893,[],,,,,,,,,,,233000,7056573904948677893,53,Que #Resultados no convienen en esta fecha #Clasificatoria rumbo a #Qatar2022 üá®üá±ü§î #SELECCIONCHILENA #Chile #DeportesEnTikTok #TikTokDeportes,NaN,,,,https://v16-webapp.tiktok.com/8704d6aa60c6ba4eb94d01008738a8a7/6209aedd/video/tos/useast2a/tos-useast2a-ve-0068c001/adbff0ac77c148cd8ba2f9853c7c35c5/?a=1988&br=1582&bt=791&cd=0%7C0%7C1%7C0&ch=0&cr=0&cs=0&cv=1&dr=0&ds=3&er=&ft=XOQ9-30-nz7Thgmk6DXq&l=20220213192155010223120199236354BF&lr=tiktok_m&mime_type=video_mp4&net=0&pl=0&qs=0&rc=anE6ajk6Zjt5OjMzNzczM0ApO2Q2ODhoODxpNztpM2k5M2drbW5ocjRfbGpgLS1kMTZzc18vMmNiNC0wYTRfMWIuYC06Yw%3D%3D&vl=&vr=,NaN,https://www.tiktok.com/@pipedeportes/video/7056573904948677893
62095b98cf961f9b3c444fc4,,,,,,,,,,,,,400,,,,1642353430,28400,true,"[{""id"":""322369"",""name"":""Pantalla Verde""}]","[{""id"":""801886"",""name"":""greenscreen"",""title"":""Try out the #GreenScreen Creative Effect! Check out the latest trends using #greenscreen for some inspiration. Just pick an image from your camera roll, stand in front of a plain background, and make the next TikTok masterpiece."",""cover"":""https://p77-va.tiktokcdn.com/obj/musically-maliva-obj/e69896f9fc0e263ce07146644fdb1ae4""},{""id"":""1677636531206146"",""name"":""eliminatoriasqatar2022"",""title"":"""",""cover"":""""},{""id"":""1605285815606277"",""name"":""qatar2022"",""title"":"""",""cover"":""""},{""id"":""31306"",""name"":""ecuador"",""title"":"""",""cover"":""""},{""id"":""1662205102209029"",""name"":""gonzaloplata"",""title"":"""",""cover"":""""},{""id"":""1694885530525702"",""name"":""pierohincapie"",""title"":"""",""cover"":""""}]",7053854266892504325,"[""@fabara17ff""]",,,,,,,,,,,569700,7053854266892504325,190,Responder a @fabara17ff #greenscreen #eliminatoriasqatar2022 #qatar2022 #ecuador #gonzaloplata #pierohincapie,NaN,,,,https://v16-webapp.tiktok.com/242ead3ca88a83b8b10de12d7dfe0330/6209af09/video/tos/useast2a/tos-useast2a-ve-0068c003/eb1abb22df874fd1b07609a3227bc945/?a=1988&br=1176&bt=588&cd=0%7C0%7C1%7C0&ch=0&cr=0&cs=0&cv=1&dr=0&ds=3&er=&ft=XOQ9-30-nz7Thgmk6DXq&l=20220213192155010223120199236354BF&lr=tiktok_m&mime_type=video_mp4&net=0&pl=0&qs=0&rc=M3BqNGQ6ZnQ4OjMzNzczM0ApaTxlNDNnOTtkNzpoZWhnZWdeLWJgcjQwL2ZgLS1kMTZzc142MDRjYmJeYGE2NjMxMTM6Yw%3D%3D&vl=&vr=,NaN,https://www.tiktok.com/@pato.futbolero07/video/7053854266892504325
62095b98cf961f9b3c444fc5,,,,,,,,,,,,,182,,,,1642033876,19600,true,[],"[{""id"":""120171"",""name"":""qatar"",""title"":"""",""cover"":""""},{""id"":""82877330"",""name"":""futbol"",""title"":""Porque  el amor por el #Futbol nos mueve, comparte los mejores momentos, las mejores jugadas, los mejores videos del mundo del #Futbol ‚öΩÔ∏èüèÜ"",""cover"":""https://p77-sg.tiktokcdn.com/obj/tiktok-obj/2b632b06def812af7a7a3920e91e6516""},{""id"":""1659087165726725"",""name"":""parejadelmundial"",""title"":"""",""cover"":""""},{""id"":""20884"",""name"":""viral"",""title"":"""",""cover"":""""},{""id"":""2892473"",""name"":""tendencia"",""title"":"""",""cover"":""""},{""id"":""1605285815606277"",""name"":""qatar2022"",""title"":"""",""cover"":""""}]",7052481790455434502,[],,,,,,,,,,,238600,7052481790455434502,500,Jose es el cerebro de la relaci√≥n. #Qatar #futbol #parejadelmundial #viral  #tendencia #qatar2022,NaN,,,,https://v16-webapp.tiktok.com/05dd9aef832697c609fc25451f99af24/6209af2d/video/tos/useast2a/tos-useast2a-ve-0068c004/b5aa743230074169888655e2b8f27b8e/?a=1988&br=1166&bt=583&cd=0%7C0%7C1%7C0&ch=0&cr=0&cs=0&cv=1&dr=0&ds=3&er=&ft=XOQ9-30-nz7Thgmk6DXq&l=20220213192155010223120199236354BF&lr=tiktok_m&mime_type=video_mp4&net=0&pl=0&qs=0&rc=M2hrNDk6ZmZxOjMzNzczM0ApaTw7O2U3ZjtnN2U3MzszZWdnbW5gcjRvMmNgLS1kMTZzc2IuNV4zY2EzNi8yYDQ1MC06Yw%3D%3D&vl=&vr=,NaN,https://www.tiktok.com/@jerofreixas/video/7052481790455434502
62095b98cf961f9b3c444fc6,,,,,,,,,,,,,123,,,,1641758417,18800,true,"[{""id"":""322369"",""name"":""Pantalla Verde""}]","[{""id"":""82877330"",""name"":""futbol"",""title"":""Porque  el amor por el #Futbol nos mueve, comparte los mejores momentos, las mejores jugadas, los mejores videos del mundo del #Futbol ‚öΩÔ∏èüèÜ"",""cover"":""https://p77-sg.tiktokcdn.com/obj/tiktok-obj/2b632b06def812af7a7a3920e91e6516""},{""id"":""1615746492739589"",""name"":""futbolvideo"",""title"":"""",""cover"":""""},{""id"":""1605285815606277"",""name"":""qatar2022"",""title"":"""",""cover"":""""},{""id"":""1601204993934341"",""name"":""mundialfutbol"",""title"":"""",""cover"":""""},{""id"":""229207"",""name"":""fyp"",""title"":"""",""cover"":""""},{""id"":""65243"",""name"":""parati"",""title"":"""",""cover"":""""}]",7051298705256860933,[],,,,,,,,,,,120600,7051298705256860933,72,El misterio del Pulpo Paul #futbol #futbolvideo #qatar2022 #mundialfutbol #fyp #parati,NaN,,,,https://v16-webapp.tiktok.com/8e17279cb324a1a8cb330d3d70b94d0e/6209aee3/video/tos/useast2a/tos-useast2a-pve-0068/99b197f6af934201b8d2a587ad209b5f/?a=1988&br=2404&bt=1202&cd=0%7C0%7C1%7C0&ch=0&cr=0&cs=0&cv=1&dr=0&ds=3&er=&ft=XOQ9-30-nz7Thgmk6DXq&l=20220213192155010223120199236354BF&lr=tiktok_m&mime_type=video_mp4&net=0&pl=0&qs=0&rc=Mzlydzw6ZjltOjMzNzczM0ApPGdpOzllMzs5NzY1OjxpaWdlaWhxcjQwcWFgLS1kMTZzczEvMC4xLi4uNmE1LjFiLWE6Yw%3D%3D&vl=&vr=,NaN,https://www.tiktok.com/@donfutbol/video/7051298705256860933
62095b98cf961f9b3c444fc7,,,,,,,,,,,,,141,,,,1641343457,18100,true,[],"[{""id"":""7717"",""name"":""messi"",""title"":"""",""cover"":""""},{""id"":""22197"",""name"":""cr7"",""title"":"""",""cover"":""""},{""id"":""18784218"",""name"":""liomessi"",""title"":"""",""cover"":""""},{""id"":""20374"",""name"":""cristianoronaldo"",""title"":"""",""cover"":""""},{""id"":""70726623"",""name"":""selecciones"",""title"":"""",""cover"":""""},{""id"":""1592417033096197"",""name"":""futbol‚öΩÔ∏è"",""title"":"""",""cover"":""""},{""id"":""481304"",""name"":""mundial"",""title"":"""",""cover"":""""},{""id"":""1664960122964997"",""name"":""seleccionesdefutbol"",""title"":"""",""cover"":""""},{""id"":""1605285815606277"",""name"":""qatar2022"",""title"":"""",""cover"":""""},{""id"":""13178063"",""name"":""futbolistas"",""title"":"""",""cover"":""""},{""id"":""1630030070171653"",""name"":""tiktokdeportes"",""title"":""Comparte tu pasi√≥n por los deportes en TikTok, ya sea los mejores trucos de futbol, tus rutinas fitness o mejores movimientos de artes marciales, ¬°no importa cu√°l sea tu deporte favorito!"",""cover"":""https://p77-va.tiktokcdn.com/obj/musically-maliva-obj/b449715c51f0c2b6d81213831b3538e0""},{""id"":""5222"",""name"":""like"",""title"":"""",""cover"":""""},{""id"":""1669713225730054"",""name"":""mundialesdefutbol"",""title"":"""",""cover"":""""}]",7049516462825803013,[],,,,,,,,,,,203700,7049516462825803013,190,Tristeü•∫ #messi #cr7 #liomessi #cristianoronaldo #selecciones #futbol‚öΩÔ∏è #mundial #seleccionesdefutbol #qatar2022 #futbolistas #tiktokdeportes #like #mundialesdefutbol,NaN,,,,https://v16-webapp.tiktok.com/c12fdc2eb6f3f7e3654c0666f5dafff0/6209aebc/video/tos/useast2a/tos-useast2a-ve-0068c001/2948c37a49734be1a9a22fa1e47d2572/?a=1988&br=2398&bt=1199&cd=0%7C0%7C1%7C0&ch=0&cr=0&cs=0&cv=1&dr=0&ds=3&er=&ft=XOQ9-30-nz7Thgmk6DXq&l=20220213192155010223120199236354BF&lr=tiktok_m&mime_type=video_mp4&net=0&pl=0&qs=0&rc=ampxbDk6ZnBoOjMzNzczM0ApNTMzODRmNWRpNzo5PDM6OWdtLTJtcjRvZ15gLS1kMTZzczVhYTYwYi8xYS8xMl4uMjI6Yw%3D%3D&vl=&vr=,NaN,https://www.tiktok.com/@flo_pulgardiaz/video/7049516462825803013
62095b98cf961f9b3c444fc8,,,,,,,,,,,,,608,,,,1642096488,37200,true,"[{""id"":""322369"",""name"":""Pantalla Verde""}]","[{""id"":""43776"",""name"":""chile"",""title"":"""",""cover"":""""},{""id"":""76965937"",""name"":""conmebol"",""title"":"""",""cover"":""""},{""id"":""1677636531206146"",""name"":""eliminatoriasqatar2022"",""title"":"""",""cover"":""""},{""id"":""1605285815606277"",""name"":""qatar2022"",""title"":"""",""cover"":""""},{""id"":""10337708"",""name"":""laroja"",""title"":"""",""cover"":""""},{""id"":""1614128458336262"",""name"":""seleccionchilena"",""title"":"""",""cover"":""""},{""id"":""1662721408158725"",""name"":""futbolentiktok"",""title"":"""",""cover"":""""},{""id"":""1613037931687957"",""name"":""tiktokfutbol"",""title"":"""",""cover"":""""},{""id"":""82877330"",""name"":""futbol"",""title"":""Porque  el amor por el #Futbol nos mueve, comparte los mejores momentos, las mejores jugadas, los mejores videos del mundo del #Futbol ‚öΩÔ∏èüèÜ"",""cover"":""https://p77-sg.tiktokcdn.com/obj/tiktok-obj/2b632b06def812af7a7a3920e91e6516""},{""id"":""65243"",""name"":""parati"",""title"":"""",""cover"":""""}]",7052750707593678086,[],,,,,,,,,,,380900,7052750707593678086,101,Hubiese sido bonito ü•∫ #chile #conmebol #eliminatoriasqatar2022 #qatar2022 #laroja #seleccionchilena #futbolentiktok #tiktokfutbol #futbol #parati,NaN,,,,https://v16-webapp.tiktok.com/7e5d73d186bb79d01ab229ccbaa651ea/6209aef1/video/tos/useast2a/tos-useast2a-ve-0068c001/f3f831a88ffa470184ad4e9d26f94153/?a=1988&br=1032&bt=516&cd=0%7C0%7C1%7C0&ch=0&cr=0&cs=0&cv=1&dr=0&ds=3&er=&ft=XOQ9-30-nz7Thgmk6DXq&l=20220213192155010223120199236354BF&lr=tiktok_m&mime_type=video_mp4&net=0&pl=0&qs=0&rc=ajk3bmk6Zm05OjMzNzczM0ApNTpmMzM7N2U7Nzc1ODZkN2dicmAwcjRvYmRgLS1kMTZzc2AwLTJhLTReYTU1YS4zNl46Yw%3D%3D&vl=&vr=,NaN,https://www.tiktok.com/@eleric__/video/7052750707593678086
62095b98cf961f9b3c444fc9,,,,,,,,,,,,,266,,,,1642540156,7825,true,"[{""id"":""322369"",""name"":""Pantalla Verde""}]","[{""id"":""82877330"",""name"":""futbol"",""title"":""Porque  el amor por el #Futbol nos mueve, comparte los mejores momentos, las mejores jugadas, los mejores videos del mundo del #Futbol ‚öΩÔ∏èüèÜ"",""cover"":""https://p77-sg.tiktokcdn.com/obj/tiktok-obj/2b632b06def812af7a7a3920e91e6516""},{""id"":""7716"",""name"":""fifa"",""title"":"""",""cover"":""""},{""id"":""76965937"",""name"":""conmebol"",""title"":"""",""cover"":""""},{""id"":""1677636531206146"",""name"":""eliminatoriasqatar2022"",""title"":"""",""cover"":""""},{""id"":""21917175"",""name"":""eliminatorias"",""title"":"""",""cover"":""""},{""id"":""1605285815606277"",""name"":""qatar2022"",""title"":"""",""cover"":""""},{""id"":""1693844068122629"",""name"":""tiktokfootballacademy"",""title"":""Todas las noticias sobre el mundo del f√∫tbol, la √∫ltima hora de cada equipo, resultados de partidos e intercambios de opiniones, ¬°est√°n aqu√≠! Comparte y disfruta del mejor contenido de f√∫tbol en TikTok con el hashtag #TikTokFootballAcademy ‚öΩÔ∏è"",""cover"":""""},{""id"":""1630030070171653"",""name"":""tiktokdeportes"",""title"":""Comparte tu pasi√≥n por los deportes en TikTok, ya sea los mejores trucos de futbol, tus rutinas fitness o mejores movimientos de artes marciales, ¬°no importa cu√°l sea tu deporte favorito!"",""cover"":""https://p77-va.tiktokcdn.com/obj/musically-maliva-obj/b449715c51f0c2b6d81213831b3538e0""},{""id"":""1676020006832130"",""name"":""soymarkos"",""title"":"""",""cover"":""""}]",7054656250499353862,[],,,,,,,,,,,129900,7054656250499353862,12,ECUADOR üá™üá® #futbol #fifa #Conmebol #eliminatoriasqatar2022 #eliminatorias #qatar2022 #tiktokfootballacademy #tiktokdeportes #soymarkos,NaN,,,,https://v16-webapp.tiktok.com/b502c47d3825c702be705ad47f785057/6209aeef/video/tos/useast2a/tos-useast2a-ve-0068c002/b438298a07894f3c9d65394570cd2ffd/?a=1988&br=962&bt=481&cd=0%7C0%7C1%7C0&ch=0&cr=0&cs=0&cv=1&dr=0&ds=3&er=&ft=XOQ9-30-nz7Thgmk6DXq&l=20220213192155010223120199236354BF&lr=tiktok_m&mime_type=video_mp4&net=0&pl=0&qs=0&rc=ajw2dmU6ZnRsOjMzNzczM0ApOjhoZTU8Zjs8NzMzOWU5N2dxbXI0cjRfbGdgLS1kMTZzczEzY15gMTEvX2EuYC4yMzY6Yw%3D%3D&vl=&vr=,NaN,https://www.tiktok.com/@soymarkos/video/7054656250499353862
62095b98cf961f9b3c444fca,,,,,,,,,,,,,210,,,,1642644891,14500,true,[],"[{""id"":""19336"",""name"":""humor"",""title"":""¬°Es hora de re√≠rte como nunca! Los videos m√°s divertidos est√°n aqu√≠ en TikTok. üòÇüòÇüòÇ"",""cover"":""""},{""id"":""23864"",""name"":""meme"",""title"":"""",""cover"":""""},{""id"":""1688078171624453"",""name"":""opinaconfutbol"",""title"":"""",""cover"":""""},{""id"":""82877330"",""name"":""futbol"",""title"":""Porque  el amor por el #Futbol nos mueve, comparte los mejores momentos, las mejores jugadas, los mejores videos del mundo del #Futbol ‚öΩÔ∏èüèÜ"",""cover"":""https://p77-sg.tiktokcdn.com/obj/tiktok-obj/2b632b06def812af7a7a3920e91e6516""},{""id"":""20050"",""name"":""colombia"",""title"":"""",""cover"":""""},{""id"":""1084185"",""name"":""seleccioncolombia"",""title"":"""",""cover"":""""},{""id"":""76978743"",""name"":""futbolcolombiano"",""title"":""¬°S√≠, S√≠, Colombia! üé∂ ¬°Sabemos que el f√∫tbol es nuestra pasi√≥n, por eso vive las mejores jugadas del #FutbolColombiano en TikTok! üá®üá¥ ‚öΩÔ∏è"",""cover"":""""},{""id"":""17070"",""name"":""fcf"",""title"":"""",""cover"":""""},{""id"":""1592435387022341"",""name"":""üá®üá¥"",""title"":"""",""cover"":""""},{""id"":""14099"",""name"":""teo"",""title"":"""",""cover"":""""},{""id"":""74831123"",""name"":""teofilo"",""title"":"""",""cover"":""""},{""id"":""1662459710485510"",""name"":""teogutierrez"",""title"":"""",""cover"":""""},{""id"":""1673198227545093"",""name"":""teofilogutierrez"",""title"":"""",""cover"":""""},{""id"":""1605285815606277"",""name"":""qatar2022"",""title"":"""",""cover"":""""}]",7055106078043950342,[],,,,,,,,,,,501100,7055106078043950342,107,Si Rueda no convoca a TEO üò¨ #HUMOR #meme #opinaconfutbol #futbol #colombia #seleccioncolombia #futbolcolombiano #fcf #üá®üá¥ #teo #teofilo #teogutierrez #teofilogutierrez #qatar2022,NaN,,,,https://v16-webapp.tiktok.com/db0aeba066e9e4a638a054277a574b2a/6209aebb/video/tos/useast2a/tos-useast2a-pve-0068/6639b1edffa14b4bbe1ab793af0e7977/?a=1988&br=2744&bt=1372&cd=0%7C0%7C1%7C0&ch=0&cr=0&cs=0&cv=1&dr=0&ds=3&er=&ft=XOQ9-30-nz7Thgmk6DXq&l=20220213192155010223120199236354BF&lr=tiktok_m&mime_type=video_mp4&net=0&pl=0&qs=0&rc=M3U3b2Y6ZjhmOjMzNzczM0ApM2k1Njc0ZGU3N2Q2NzY7Z2c2YGljcjQwX2hgLS1kMTZzczUxMWI0YC9gY18tYl4xYmA6Yw%3D%3D&vl=&vr=,NaN,https://www.tiktok.com/@opinaconfutbol/video/7055106078043950342
62095b98cf961f9b3c444fcb,,,,,,,,,,,,,1129,,,,1642966347,37200,true,"[{""id"":""322369"",""name"":""Pantalla Verde""}]","[{""id"":""801886"",""name"":""greenscreen"",""title"":""Try out the #GreenScreen Creative Effect! Check out the latest trends using #greenscreen for some inspiration. Just pick an image from your camera roll, stand in front of a plain background, and make the next TikTok masterpiece."",""cover"":""https://p77-va.tiktokcdn.com/obj/musically-maliva-obj/e69896f9fc0e263ce07146644fdb1ae4""},{""id"":""1605285815606277"",""name"":""qatar2022"",""title"":"""",""cover"":""""},{""id"":""120171"",""name"":""qatar"",""title"":"""",""cover"":""""},{""id"":""76965937"",""name"":""conmebol"",""title"":"""",""cover"":""""},{""id"":""57670809"",""name"":""seleccionperuana"",""title"":"""",""cover"":""""},{""id"":""28794"",""name"":""hermanos"",""title"":"""",""cover"":""""},{""id"":""20884"",""name"":""viral"",""title"":"""",""cover"":""""},{""id"":""466490"",""name"":""peruano"",""title"":"""",""cover"":""""},{""id"":""481304"",""name"":""mundial"",""title"":"""",""cover"":""""},{""id"":""17669"",""name"":""peru"",""title"":"""",""cover"":""""},{""id"":""16135499"",""name"":""vamosperu"",""title"":"""",""cover"":""""},{""id"":""1600192443232261"",""name"":""hinchaperuano"",""title"":"""",""cover"":""""},{""id"":""319585"",""name"":""cuantocuesta"",""title"":"""",""cover"":""""},{""id"":""82877330"",""name"":""futbol"",""title"":""Porque  el amor por el #Futbol nos mueve, comparte los mejores momentos, las mejores jugadas, los mejores videos del mundo del #Futbol ‚öΩÔ∏èüèÜ"",""cover"":""https://p77-sg.tiktokcdn.com/obj/tiktok-obj/2b632b06def812af7a7a3920e91e6516""}]",7056486725681499398,[],,,,,,,,,,,784600,7056486725681499398,1632,#greenscreen #qatar2022 #qatar #conmebol #seleccionperuana ##hermanos #viral #peruano #mundial #peru #vamosperu #hinchaperuano #cuantocuesta #futbol,NaN,,,,https://v16-webapp.tiktok.com/f4bf32eb4e99b6b85e570690485ee2ff/6209aede/video/tos/useast2a/tos-useast2a-ve-0068c001/5baf9478118b462891139ac04f1bf0b4/?a=1988&br=1208&bt=604&cd=0%7C0%7C1%7C0&ch=0&cr=0&cs=0&cv=1&dr=0&ds=3&er=&ft=XOQ9-30-nz7Thgmk6DXq&l=20220213192155010223120199236354BF&lr=tiktok_m&mime_type=video_mp4&net=0&pl=0&qs=0&rc=Mzl1cGc6Zmh0OjMzNzczM0ApOmllZjc2aWQ4N2k0ZjpnO2dxamBzcjRnbmpgLS1kMTZzc2E0MC5fNmJiMzItYmMzXzM6Yw%3D%3D&vl=&vr=,NaN,https://www.tiktok.com/@tuasesormillonario/video/7056486725681499398
62095b98cf961f9b3c444fcc,,,,,,,,,,,,,81,,,,1641416069,20600,true,[],"[{""id"":""120171"",""name"":""qatar"",""title"":"""",""cover"":""""},{""id"":""1605285815606277"",""name"":""qatar2022"",""title"":"""",""cover"":""""},{""id"":""481304"",""name"":""mundial"",""title"":"""",""cover"":""""},{""id"":""82877330"",""name"":""futbol"",""title"":""Porque  el amor por el #Futbol nos mueve, comparte los mejores momentos, las mejores jugadas, los mejores videos del mundo del #Futbol ‚öΩÔ∏èüèÜ"",""cover"":""https://p77-sg.tiktokcdn.com/obj/tiktok-obj/2b632b06def812af7a7a3920e91e6516""},{""id"":""1630030070171653"",""name"":""tiktokdeportes"",""title"":""Comparte tu pasi√≥n por los deportes en TikTok, ya sea los mejores trucos de futbol, tus rutinas fitness o mejores movimientos de artes marciales, ¬°no importa cu√°l sea tu deporte favorito!"",""cover"":""https://p77-va.tiktokcdn.com/obj/musically-maliva-obj/b449715c51f0c2b6d81213831b3538e0""}]",7049828330803088646,[],,,,,,,,,,,3800000,7049828330803088646,80,¬°A aprender √°rabe! üí¨ü§ì #Qatar #Qatar2022 #Mundial #Futbol #Tiktokdeportes,NaN,,,,https://v16-webapp.tiktok.com/76e8799e857e2e7a58b19343c7d90a53/6209aee7/video/tos/useast2a/tos-useast2a-ve-0068c003/0c145331761742ac86ba37ef1a3bca13/?a=1988&br=2064&bt=1032&cd=0%7C0%7C1%7C0&ch=0&cr=0&cs=0&cv=1&dr=0&ds=3&er=&ft=XOQ9-30-nz7Thgmk6DXq&l=20220213192155010223120199236354BF&lr=tiktok_m&mime_type=video_mp4&net=0&pl=0&qs=0&rc=anZkbDo6ZmwzOjMzNzgzM0ApaWc0Zjs5OTw8NzM2NTs7O2dxYmMxcjRvXl9gLS1kLzZzc2I2LS1iYTMyYzRhYjMtLy46Yw%3D%3D&vl=&vr=,NaN,https://www.tiktok.com/@roadto2022es/video/7049828330803088646
62095b98cf961f9b3c444fcd,,,,,,,,,,,,,215,,,,1641749616,7896,true,"[{""id"":""1119506"",""name"":""Zoom Lento""},{""id"":""459530"",""name"":""Green Screen Video""}]","[{""id"":""1613037931687957"",""name"":""tiktokfutbol"",""title"":"""",""cover"":""""},{""id"":""26570"",""name"":""f√∫tbol"",""title"":"""",""cover"":""""},{""id"":""1662721408158725"",""name"":""futbolentiktok"",""title"":"""",""cover"":""""},{""id"":""1592201601340422"",""name"":""chileüá®üá±"",""title"":"""",""cover"":""""},{""id"":""1614128458336262"",""name"":""seleccionchilena"",""title"":"""",""cover"":""""},{""id"":""10337708"",""name"":""laroja"",""title"":"""",""cover"":""""},{""id"":""1677636531206146"",""name"":""eliminatoriasqatar2022"",""title"":"""",""cover"":""""},{""id"":""1605285815606277"",""name"":""qatar2022"",""title"":"""",""cover"":""""},{""id"":""1701615960862726"",""name"":""goatlexissanchez"",""title"":"""",""cover"":""""}]",7051260906738666758,[],,,,,,,,,,,74000,7051260906738666758,48,Lo que ser√≠a esto üò≥ #tiktokfutbol #f√∫tbol #futbolentiktok #chileüá®üá± #seleccionchilena #laroja #eliminatoriasqatar2022 #qatar2022 #goatlexissanchez,NaN,,,,https://v16-webapp.tiktok.com/e13932b7ae70dbe98eca3d8300ec39d5/6209aec0/video/tos/useast2a/tos-useast2a-ve-0068c004/47bbf53510bc44f0ae92778f1132e7ca/?a=1988&br=3766&bt=1883&cd=0%7C0%7C1%7C0&ch=0&cr=0&cs=0&cv=1&dr=0&ds=3&er=&ft=XOQ9-30-nz7Thgmk6DXq&l=20220213192155010223120199236354BF&lr=tiktok_m&mime_type=video_mp4&net=0&pl=0&qs=0&rc=anQ6cmU6ZnRrOjMzNzczM0ApaGk8Njw6ZjxpNzdkPGY1OWdraDRqcjRvbGFgLS1kMTZzczAwNWBeL2A0NjA2X2BhMWA6Yw%3D%3D&vl=&vr=,NaN,https://www.tiktok.com/@eleric__/video/7051260906738666758
62095b98cf961f9b3c444fce,,,,,,,,,,,,,9713,,,,1642471335,39900,true,"[{""id"":""322369"",""name"":""Pantalla Verde""}]","[{""id"":""801886"",""name"":""greenscreen"",""title"":""Try out the #GreenScreen Creative Effect! Check out the latest trends using #greenscreen for some inspiration. Just pick an image from your camera roll, stand in front of a plain background, and make the next TikTok masterpiece."",""cover"":""https://p77-va.tiktokcdn.com/obj/musically-maliva-obj/e69896f9fc0e263ce07146644fdb1ae4""},{""id"":""31306"",""name"":""ecuador"",""title"":"""",""cover"":""""},{""id"":""17669"",""name"":""peru"",""title"":"""",""cover"":""""},{""id"":""20884"",""name"":""viral"",""title"":"""",""cover"":""""},{""id"":""229207"",""name"":""fyp"",""title"":"""",""cover"":""""},{""id"":""1637342470396934"",""name"":""fyp„Ç∑"",""title"":"""",""cover"":""""},{""id"":""82877330"",""name"":""futbol"",""title"":""Porque  el amor por el #Futbol nos mueve, comparte los mejores momentos, las mejores jugadas, los mejores videos del mundo del #Futbol ‚öΩÔ∏èüèÜ"",""cover"":""https://p77-sg.tiktokcdn.com/obj/tiktok-obj/2b632b06def812af7a7a3920e91e6516""},{""id"":""57670809"",""name"":""seleccionperuana"",""title"":"""",""cover"":""""},{""id"":""65243"",""name"":""parati"",""title"":"""",""cover"":""""},{""id"":""42164"",""name"":""foryou"",""title"":"""",""cover"":""""},{""id"":""65243"",""name"":""parati"",""title"":"""",""cover"":""""},{""id"":""88764338"",""name"":""foryoupage"",""title"":"""",""cover"":""""},{""id"":""1605285815606277"",""name"":""qatar2022"",""title"":"""",""cover"":""""}]",7054360661639384326,[],,,,,,,,,,,1000000,7054360661639384326,1064,NO SEAN SOBERBIOS ü§´üá™üá® #greenscreen #ecuador #peru #viral #fyp #fyp„Ç∑ #futbol #seleccionperuana #parati #foryou #parati #foryoupage #qatar2022,NaN,,,,https://v16-webapp.tiktok.com/e1054cd3219fcbf655755bfd70ec43d1/6209aec2/video/tos/useast2a/tos-useast2a-ve-0068c002/0ca9f4f6172646a3afff649026ee1bf4/?a=1988&br=1750&bt=875&cd=0%7C0%7C1%7C0&ch=0&cr=0&cs=0&cv=1&dr=0&ds=3&er=&ft=XOQ9-30-nz7Thgmk6DXq&l=20220213192155010223120199236354BF&lr=tiktok_m&mime_type=video_mp4&net=0&pl=0&qs=0&rc=anRwdzg6Zjo0OjMzNzczM0ApPDo2OmhnPDszN2RnNzY4aGdic2VpcjRnc2dgLS1kMTZzc2AuLzI1Y15iMS9eNTJjYS86Yw%3D%3D&vl=&vr=,NaN,https://www.tiktok.com/@arturolugoo/video/7054360661639384326